subcategory,word
Biodiversity management,biodiversity
Biodiversity management,species
Biodiversity management,wilderness
Governance,align
Governance,aligned
Governance,aligning
Governance,alignment
Governance,aligns
Governance,bylaw
Governance,bylaws
Governance,charter
Governance,charters
Governance,culture
Governance,death
Governance,duly
Governance,parents
Labor standards,bargaining
Labor standards,eeo
Labor standards,fairness
Labor standards,fla
Labor standards,harassment
Labor standards,injury
Labor standards,labor
Labor standards,overtime
Labor standards,ruggie
Labor standards,sick
Labor standards,wage
Labor standards,wages
Nutrition,alcohol
Pollution control,air
Pollution control,carbon
Pollution control,nitrogen
Pollution control,pollution
Society,endowment
Society,endowments
Society,people
Society,philanthropic
Society,philanthropy
Society,socially
Society,societal
Society,society
Stakeholder engagement,engagement
Stakeholder engagement,engagements
Stakeholder engagement,feedback
Stakeholder engagement,hotline
Stakeholder engagement,investor
Stakeholder engagement,invite
Stakeholder engagement,invited
Stakeholder engagement,mail
Stakeholder engagement,mailed
Stakeholder engagement,mailing
Stakeholder engagement,mailings
Stakeholder engagement,notice
Stakeholder engagement,relations
Stakeholder engagement,stakeholder
Sustainability management and reporting,announce
Sustainability management and reporting,announced
Sustainability management and reporting,announcement
Sustainability management and reporting,announcements
Sustainability management and reporting,announces
Sustainability management and reporting,announcing
Sustainability management and reporting,communicate
Sustainability management and reporting,communicated
Sustainability management and reporting,communicates
Sustainability management and reporting,communicating
Sustainability management and reporting,erm
Sustainability management and reporting,fairly
Sustainability management and reporting,integrity
Sustainability management and reporting,liaison
Sustainability management and reporting,presentation
Sustainability management and reporting,presentations
T opic Category Subcategory Climate change strategy,green
T opic Category Subcategory Climate change strategy,renewable
T opic Category Subcategory Climate change strategy,solar
T opic Category Subcategory Climate change strategy,stewardship
T opic Category Subcategory HIV and AIDS,hiv
T opic Category Subcategory T alent,attract
T opic Category Subcategory T alent,attracting
T opic Category Subcategory T alent,attracts
T opic Category Subcategory T alent,incentive
T opic Category Subcategory T alent,incentives
T opic Category Subcategory T alent,interview
T opic Category Subcategory T alent,interviews
T opic Category Subcategory T alent,motivate
T opic Category Subcategory T alent,motivated
T opic Category Subcategory T alent,motivates
T opic Category Subcategory T alent,motivating
T opic Category Subcategory T alent,motivation
T opic Category Subcategory T alent,recruit
T opic Category Subcategory T alent,recruiting
T opic Category Subcategory T alent,recruitment
T opic Category Subcategory T alent,retain
T opic Category Subcategory T alent,retainer
T opic Category Subcategory T alent,retainers
T opic Category Subcategory T alent,retaining
T opic Category Subcategory T alent,retention
T opic Category Subcategory T alent,talent
T opic Category Subcategory T alent,talented
Waste and recycling,biphenyls
Waste and recycling,hazardous
Waste and recycling,householding
Waste and recycling,pollutants
Waste and recycling,printing
Waste and recycling,recycling
Waste and recycling,toxic
Waste and recycling,waste
Waste and recycling,wastes
Waste and recycling,weee
Whistle-blowing system,whistleblower
community Privacy and free expression,expression
community Privacy and free expression,marriage
drinking Product safety,bugs
drinking Product safety,conformance
drinking Product safety,defects
drinking Product safety,fda
drinking Product safety,inspection
drinking Product safety,inspections
drinking Product safety,minerals
drinking Product safety,standardization
embezzlement Political influence,grassroots
embezzlement Political influence,influence
embezzlement Political influence,influences
embezzlement Political influence,influencing
embezzlement Political influence,lobbied
embezzlement Political influence,lobbies
embezzlement Political influence,lobby
embezzlement Political influence,lobbying
embezzlement Political influence,lobbyist
emit Ecosystem Service,agriculture
emit Ecosystem Service,deforestation
emit Ecosystem Service,pesticide
emit Ecosystem Service,pesticides
honesty Bribery and corruption,bribery
honesty Bribery and corruption,corrupt
honesty Bribery and corruption,corruption
honesty Bribery and corruption,crimes
independent Corporate governance,compliance
independent Corporate governance,conduct
independent Corporate governance,conformity
independent Corporate governance,governance
independent Corporate governance,misconduct
independent Corporate governance,parachute
independent Corporate governance,parachutes
independent Corporate governance,perquisites
independent Corporate governance,plane
independent Corporate governance,planes
independent Corporate governance,poison
labour Supply chain labor standards,eicc
pandemic Access to medicine,childbirth
pandemic Access to medicine,drug
pandemic Access to medicine,medicaid
pandemic Access to medicine,medicare
pandemic Access to medicine,medicine
pandemic Access to medicine,medicines continues
poverty Education,courses
poverty Education,educate
poverty Education,educated
poverty Education,educates
poverty Education,educating
poverty Education,education
poverty Education,educational
poverty Education,learning
poverty Education,mentoring
poverty Education,scholarships
poverty Education,teach
poverty Education,teacher
poverty Education,teachers
poverty Education,teaching
privacy Security,peace
recycle Social,citizen
recycle Social,citizens
recycle Social,csr
recycle Social,disabilities
recycle Social,disability
recycle Social,disabled
recycle Social,human
recycle Social,nations
recycle Social,social
recycle Social,un
recycle Social,veteran
recycle Social,veterans
retirement Audit and control,approval
retirement Audit and control,approvals
retirement Audit and control,approve
retirement Audit and control,approved
retirement Audit and control,approves
retirement Audit and control,approving
retirement Audit and control,assess
retirement Audit and control,assessed
retirement Audit and control,assesses
retirement Audit and control,assessing
retirement Audit and control,assessment
retirement Audit and control,assessments
retirement Audit and control,audit
retirement Audit and control,audited
retirement Audit and control,auditing
retirement Audit and control,auditor
retirement Audit and control,auditors
retirement Audit and control,audits
retirement Audit and control,control
retirement Audit and control,controls
retirement Audit and control,coso
retirement Audit and control,detect
retirement Audit and control,detected
retirement Audit and control,detecting
retirement Audit and control,detection
retirement Audit and control,evaluate
retirement Audit and control,evaluated
retirement Audit and control,evaluates
retirement Audit and control,evaluating
retirement Audit and control,evaluation
retirement Audit and control,evaluations
retirement Audit and control,examination
retirement Audit and control,examinations
retirement Audit and control,examine
retirement Audit and control,examined
retirement Audit and control,examines
retirement Audit and control,examining
retirement Audit and control,irs
retirement Audit and control,oversee
retirement Audit and control,overseeing
retirement Audit and control,oversees
retirement Audit and control,oversight
retirement Audit and control,review
retirement Audit and control,reviewed
retirement Audit and control,reviewing
retirement Audit and control,reviews
retirement Audit and control,rotation
retirement Audit and control,test
retirement Audit and control,tested
retirement Audit and control,testing
retirement Audit and control,tests
safety ILO core conventions,ilo
sexual Community relations,communities
stakeholders UNGC compliance,compact
sustainability Climate change,climate
sustainable Disclosure and reporting,asc
sustainable Disclosure and reporting,disclose
sustainable Disclosure and reporting,disclosed
sustainable Disclosure and reporting,discloses
sustainable Disclosure and reporting,disclosing
sustainable Disclosure and reporting,disclosure
sustainable Disclosure and reporting,disclosures
sustainable Disclosure and reporting,fasb
sustainable Disclosure and reporting,gaap
sustainable Disclosure and reporting,objectivity
sustainable Disclosure and reporting,press
talents Business ethics,cobc
talents Business ethics,ethic
talents Business ethics,ethical
talents Business ethics,ethically
talents Business ethics,ethics
training Employment,employ
training Employment,employment
training Employment,headcount
training Employment,hire
training Employment,hired
training Employment,hires
training Employment,hiring
training Employment,staffing
training Employment,unemployment
treadway Board structure,backgrounds
treadway Board structure,independence
treadway Board structure,leadership
treadway Board structure,nomination
treadway Board structure,nominations
treadway Board structure,nominee
treadway Board structure,nominees
treadway Board structure,perspectives
treadway Board structure,qualifications
treadway Board structure,refreshment
treadway Board structure,skill
treadway Board structure,skills
treadway Board structure,succession
treadway Board structure,tenure
treadway Board structure,vacancies
ungc Environmental,clean
ungc Environmental,environmental
ungc Environmental,epa
vacancy Remuneration,appreciation
vacancy Remuneration,award
vacancy Remuneration,awarded
vacancy Remuneration,awarding
vacancy Remuneration,awards
vacancy Remuneration,bonus
vacancy Remuneration,bonuses
vacancy Remuneration,cd
vacancy Remuneration,compensate
vacancy Remuneration,compensated
vacancy Remuneration,compensates
vacancy Remuneration,compensating
vacancy Remuneration,compensation
vacancy Remuneration,eip
vacancy Remuneration,iso
vacancy Remuneration,isos
vacancy Remuneration,payout
vacancy Remuneration,payouts
vacancy Remuneration,pension
vacancy Remuneration,prsu
vacancy Remuneration,prsus
vacancy Remuneration,recoupment
vacancy Remuneration,remuneration
vacancy Remuneration,reward
vacancy Remuneration,rewarding
vacancy Remuneration,rewards
vacancy Remuneration,rsu
vacancy Remuneration,rsus
vacancy Remuneration,salaries
vacancy Remuneration,salary
vacancy Remuneration,severance
vacancy Remuneration,vest
vacancy Remuneration,vested
vacancy Remuneration,vesting
vests Shareholder rights,ballot
vests Shareholder rights,ballots
vests Shareholder rights,cast
vests Shareholder rights,consent
vests Shareholder rights,elect
vests Shareholder rights,elected
vests Shareholder rights,electing
vests Shareholder rights,election
vests Shareholder rights,elections
vests Shareholder rights,elects
vests Shareholder rights,nominate
vests Shareholder rights,nominated
vests Shareholder rights,plurality
vests Shareholder rights,proponent
vests Shareholder rights,proponents
vests Shareholder rights,proposal
vests Shareholder rights,proposals
vests Shareholder rights,proxies
vests Shareholder rights,quorum
vests Shareholder rights,vote
vests Shareholder rights,voted
vests Shareholder rights,votes
voting Transparency,brother
voting Transparency,clicking
voting Transparency,conflict
voting Transparency,conflicts
voting Transparency,family
voting Transparency,grandchildren
voting Transparency,grandparent
voting Transparency,grandparents
voting Transparency,inform
voting Transparency,insider
voting Transparency,insiders
voting Transparency,inspector
voting Transparency,inspectors
voting Transparency,interlocks
voting Transparency,nephews
voting Transparency,nieces
voting Transparency,posting
voting Transparency,relatives
voting Transparency,siblings
voting Transparency,sister
voting Transparency,son
voting Transparency,spousal
voting Transparency,spouse
voting Transparency,spouses
voting Transparency,stepchildren
voting Transparency,stepparents
voting Transparency,transparency
voting Transparency,transparent
voting Transparency,visit
voting Transparency,visiting
voting Transparency,visits
voting Transparency,webpage
voting Transparency,website continues
vulnerable Public health,children
vulnerable Public health,epidemic
vulnerable Public health,health
vulnerable Public health,healthy
vulnerable Public health,ill
vulnerable Public health,illness
warming Biofuels,biofuel continues
warming Biofuels,biofuels
warranty Human rights,dignity
warranty Human rights,discriminate
warranty Human rights,discriminated
warranty Human rights,discriminating
warranty Human rights,discrimination
warranty Human rights,equality
warranty Human rights,freedom
warranty Human rights,humanity
warranty Human rights,nondiscrimination
water Environmental management,cleaner
water Environmental management,cleanup
water Environmental management,coal
water Environmental management,contamination
water Environmental management,fossil
welfare Charity,charitable
welfare Charity,charities
welfare Charity,charity
welfare Charity,donate
welfare Charity,donated
welfare Charity,donates
welfare Charity,donating
welfare Charity,donation
welfare Charity,donations
welfare Charity,donors
welfare Charity,foundation
welfare Charity,foundations
welfare Charity,gift
welfare Charity,gifts
welfare Charity,nonprofit
wetlands Access to land,zoning
wildlife Water,freshwater
wildlife Water,groundwater
wind Emissions management and reporting,atmosphere
wind Emissions management and reporting,emission
wind Emissions management and reporting,emissions
wind Emissions management and reporting,ghg
wind Emissions management and reporting,ghgs
wind Emissions management and reporting,greenhouse
women Health and safety,occupational
women Health and safety,safe
women Health and safety,safely
workplace Diversity,bisexual
workplace Diversity,diversity
workplace Diversity,ethnic
workplace Diversity,ethnically
workplace Diversity,ethnicities
workplace Diversity,ethnicity
workplace Diversity,female
workplace Diversity,females
workplace Diversity,gay
workplace Diversity,gays
workplace Diversity,gender
workplace Diversity,genders
workplace Diversity,homosexual
workplace Diversity,immigration
workplace Diversity,lesbian
workplace Diversity,lesbians
workplace Diversity,lgbt
workplace Diversity,minorities
workplace Diversity,minority
workplace Diversity,ms
workplace Diversity,race
workplace Diversity,racial
workplace Diversity,religion
workplace Diversity,religious
workplace Diversity,sex
workplace Diversity,transgender
workplace Diversity,woman
