topic,word
Environmental,biodiversity
Environmental,species
Environmental,wilderness
Governance,align
Governance,aligned
Governance,aligning
Governance,alignment
Governance,aligns
Governance,bylaw
Governance,bylaws
Governance,charter
Governance,charters
Governance,culture
Governance,death
Governance,duly
Governance,parents
Social,bargaining
Social,eeo
Social,fairness
Social,fla
Social,harassment
Social,injury
Social,labor
Social,overtime
Social,ruggie
Social,sick
Social,wage
Social,wages
Social,alcohol
Environmental,air
Environmental,carbon
Environmental,nitrogen
Environmental,pollution
Social,endowment
Social,endowments
Social,people
Social,philanthropic
Social,philanthropy
Social,socially
Social,societal
Social,society
Governance,engagement
Governance,engagements
Governance,feedback
Governance,hotline
Governance,investor
Governance,invite
Governance,invited
Governance,mail
Governance,mailed
Governance,mailing
Governance,mailings
Governance,notice
Governance,relations
Governance,stakeholder
Governance,announce
Governance,announced
Governance,announcement
Governance,announcements
Governance,announces
Governance,announcing
Governance,communicate
Governance,communicated
Governance,communicates
Governance,communicating
Governance,erm
Governance,fairly
Governance,integrity
Governance,liaison
Governance,presentation
Governance,presentations
Environmental,biphenyls
Environmental,hazardous
Environmental,householding
Environmental,pollutants
Environmental,printing
Environmental,recycling
Environmental,toxic
Environmental,waste
Environmental,wastes
Environmental,weee
Governance,whistleblower
